"Продажа BMW X7, 2020 год в Москве",7 973 000 ₽,Двигатель,"дизель, 3.0 л"
Мощность,"249 л.с., налог"
Коробка передач,АКПП
Привод,4WD
Цвет,черный
"Пробег, км",50 685
Руль,левый
Поколение,1 поколение
Комплектация,xDrive30d AT M Sport Pro
"Продажа BMW X3, 2019 год в Москве",2 899 999 ₽,Двигатель,"дизель, 2.0 л"
Мощность,"190 л.с., налог"
Коробка передач,АКПП
Привод,4WD
Цвет,черный
"Пробег, км",70 000
Руль,левый
Поколение,3 поколение
"Продажа BMW X6, 2011 год в Москве",1 550 000 ₽,Двигатель,"бензин, 3.0 л"
Мощность,"306 л.с., налог"
Коробка передач,АКПП
Привод,4WD
Цвет,красный
"Пробег, км",135 000
Руль,левый
Поколение,1 поколение
Комплектация,xDrive 35i AT
"Продажа BMW 3-Series, 2001 год в Москве",350 000 ₽,Двигатель,"бензин, 1.9 л"
Мощность,"118 л.с., налог"
Коробка передач,механика
Привод,задний
Тип кузова,купе
Цвет,черный
"Пробег, км",315 000
Руль,левый
Поколение,4 поколение
"Продажа BMW X6, 2017 год в Москве",3 399 000 ₽,Двигатель,"дизель, 3.0 л"
Мощность,"249 л.с., налог"
Коробка передач,АКПП
Привод,4WD
Цвет,черный
"Пробег, км",121 000
Руль,левый
Поколение,2 поколение
Комплектация,xDrive 30d AT Luxury
"Продажа BMW X3, 2013 год в Москве",1 800 000 ₽,Двигатель,"бензин, 2.0 л"
Мощность,"184 л.с., налог"
Коробка передач,АКПП
Привод,4WD
Цвет,черный
"Пробег, км",95 000
Руль,левый
Поколение,2 поколение
"Продажа BMW X2, 2019 год в Москве",2 690 000 ₽,Двигатель,"дизель, 2.0 л"
Мощность,"150 л.с., налог"
Коробка передач,АКПП
Привод,4WD
Цвет,синий
"Пробег, км",53 600
Руль,левый
Поколение,1 поколение
Комплектация,xDrive 18d AT M Sport X
"Продажа BMW X6, 2012 год в Москве",2 280 000 ₽,Двигатель,"бензин, 4.4 л"
Мощность,"555 л.с., налог"
Коробка передач,АКПП
Привод,4WD
Цвет,черный
"Пробег, км",125 000
Руль,левый
Поколение,"1 поколение, рестайлинг"
Комплектация,4.4 AT M
"Продажа BMW 3-Series, 2018 год в Москве",2 279 880 ₽,Двигатель,"бензин, 2.0 л"
Мощность,"184 л.с., налог"
Коробка передач,АКПП
Привод,4WD
Тип кузова,седан
Цвет,синий
"Пробег, км",61 293
Руль,левый
"Продажа BMW X3, 2019 год в Москве",3 900 000 ₽,Двигатель,"дизель, 2.0 л"
Мощность,"190 л.с., налог"
Коробка передач,АКПП
Привод,4WD
Цвет,серый
"Пробег, км",55 400
Руль,левый
Поколение,3 поколение
Комплектация,xDrive 20d AT Base
"Продажа BMW 5-Series, 2003 год в Красноярске",975 000 ₽,Двигатель,"дизель, 3.0 л"
Мощность,"218 л.с., налог"
Коробка передач,АКПП
Привод,задний
Тип кузова,седан
Цвет,серебристый
"Пробег, км",380 000
Руль,левый
Поколение,5 поколение
"Продажа BMW 5-Series Gran Turismo, 2011 год в Старой Купавне",1 800 000 ₽,Двигатель,"дизель, 3.0 л"
Мощность,"245 л.с., налог"
Коробка передач,АКПП
Привод,задний
Цвет,белый
"Пробег, км",150 000
Руль,левый
Поколение,6 поколение
"Продажа BMW 5-Series, 2017 год в Краснодаре",2 621 700 ₽,Двигатель,"дизель, 2.0 л"
Мощность,"190 л.с., налог"
Коробка передач,АКПП
Привод,задний
Тип кузова,седан
Цвет,черный
"Пробег, км",128 848
Руль,левый
"Продажа BMW X4, 2018 год в Москве",3 350 000 ₽,Двигатель,"дизель, 2.0 л"
Мощность,"190 л.с., налог"
Коробка передач,АКПП
Привод,4WD
Цвет,черный
"Пробег, км",174 500
Руль,левый
Поколение,2 поколение
Комплектация,xDrive 20d AT M Sport
"Продажа BMW X6, 2015 год в Москве",2 999 000 ₽,Двигатель,"дизель, 3.0 л"
Мощность,"249 л.с., налог"
Коробка передач,АКПП
Привод,4WD
Цвет,черный
"Пробег, км",128 751
Руль,левый
Поколение,2 поколение
"Продажа BMW 3-Series, 2013 год в Санкт-Петербурге",1 125 448 ₽,Двигатель,"бензин, 1.6 л"
Мощность,"136 л.с., налог"
Коробка передач,АКПП
Привод,задний
Тип кузова,седан
Цвет,черный
"Пробег, км",154 276
Руль,левый
Поколение,6 поколение
"Продажа BMW 3-Series, 2005 год в Евпатории",770 000 ₽,Двигатель,"бензин, 3.0 л"
Мощность,"258 л.с., налог"
Коробка передач,АКПП
Привод,задний
Тип кузова,седан
Цвет,черный
"Пробег, км",168 000
Руль,левый
Поколение,5 поколение
"Продажа BMW X5, 2021 год в Хабаровске",7 490 000 ₽,Двигатель,"бензин, 3.0 л"
Мощность,"340 л.с., налог"
Коробка передач,АКПП
Привод,4WD
Цвет,черный
"Пробег, км",31 000
Руль,левый
Поколение,4 поколение
Комплектация,xDrive 40i AT M Sport Pure
"Продажа BMW 5-Series, 2019 год в Москве",4 100 000 ₽,Двигатель,"дизель, 2.0 л"
Мощность,"190 л.с., налог"
Коробка передач,АКПП
Привод,4WD
Тип кузова,седан
Цвет,серый
"Пробег, км",43 431
Руль,левый
Поколение,7 поколение
"Продажа BMW X1, 2019 год в Москве",2 250 000 ₽,Двигатель,"бензин, 1.5 л"
Мощность,"140 л.с., налог"
Коробка передач,робот
Привод,передний
Цвет,белый
"Пробег, км",105 328
Руль,левый
Поколение,"2 поколение, рестайлинг"
"Продажа BMW X1, 2019 год в Москве",2 400 000 ₽,Двигатель,"бензин, 1.5 л"
Мощность,"140 л.с., налог"
Коробка передач,робот
Привод,передний
Цвет,белый
"Пробег, км",100 897
Руль,левый
Поколение,"2 поколение, рестайлинг"
"Продажа BMW X1, 2019 год в Москве",2 400 000 ₽,Двигатель,"бензин, 1.5 л"
Мощность,"140 л.с., налог"
Коробка передач,робот
Привод,передний
Цвет,белый
"Пробег, км",108 831
Руль,левый
Поколение,"2 поколение, рестайлинг"
"Продажа BMW X1, 2019 год в Москве",2 250 000 ₽,Двигатель,"бензин, 1.5 л"
Мощность,"140 л.с., налог"
Коробка передач,робот
Привод,передний
Цвет,белый
"Пробег, км",107 531
Руль,левый
Поколение,"2 поколение, рестайлинг"
"Продажа BMW X1, 2019 год в Москве",2 250 000 ₽,Двигатель,"бензин, 1.5 л"
Мощность,"140 л.с., налог"
Коробка передач,робот
Привод,передний
Цвет,белый
"Пробег, км",106 616
Руль,левый
Поколение,"2 поколение, рестайлинг"
"Продажа BMW X1, 2019 год в Москве",2 250 000 ₽,Двигатель,"бензин, 1.5 л"
Мощность,"140 л.с., налог"
Коробка передач,робот
Привод,передний
Цвет,белый
"Пробег, км",98 590
Руль,левый
Поколение,"2 поколение, рестайлинг"
"Продажа BMW X1, 2012 год в Новороссийске",820 000 ₽,Двигатель,"бензин, 2.0 л"
Мощность,"184 л.с., налог"
Коробка передач,АКПП
Привод,4WD
Цвет,серебристый
Руль,левый
Поколение,1 поколение
Комплектация,xDrive 20i AT Базовая 
"Продажа BMW X1, 2019 год в Москве",2 250 000 ₽,Двигатель,"бензин, 1.5 л"
Мощность,"140 л.с., налог"
Коробка передач,робот
Привод,передний
Цвет,белый
"Пробег, км",102 293
Руль,левый
Поколение,"2 поколение, рестайлинг"
"Продажа BMW 5-Series, 2019 год в Краснодаре",3 350 000 ₽,Двигатель,"дизель, 2.0 л"
Мощность,"190 л.с., налог"
Коробка передач,АКПП
Привод,4WD
Тип кузова,седан
Цвет,синий
"Пробег, км",61 000
Руль,левый
Поколение,7 поколение
"Продажа BMW 3-Series, 2007 год в Сургуте",750 000 ₽,Двигатель,"бензин, 2.0 л"
Мощность,"150 л.с., налог"
Коробка передач,АКПП
Привод,задний
Тип кузова,седан
Цвет,синий
"Пробег, км",218 300
Руль,левый
Поколение,5 поколение
"Продажа BMW X3, 2014 год в Краснодаре",2 400 000 ₽,Двигатель,"дизель, 3.0 л"
Мощность,"249 л.с., налог"
Коробка передач,АКПП
Привод,4WD
Цвет,белый
"Пробег, км",183 000
Руль,левый
Поколение,"2 поколение, рестайлинг"
"Продажа BMW X5, 2017 год в Новосибирске",2 800 000 ₽,Двигатель,"дизель, 3.0 л"
Мощность,"218 л.с., налог"
Коробка передач,АКПП
Привод,4WD
Цвет,белый
"Пробег, км",182 041
Руль,левый
Поколение,3 поколение
Комплектация,xDrive 25d AT Business
"Продажа BMW 1-Series, 2012 год в Симферополе",1 050 000 ₽,Двигатель,"бензин, 1.6 л"
Мощность,"136 л.с., налог"
Коробка передач,АКПП
Привод,задний
Тип кузова,хэтчбек 5 дв.
Цвет,серый
"Пробег, км",118 000
Руль,левый
Поколение,2 поколение
"Продажа BMW X3, 2011 год в Новосибирске",1 570 000 ₽,Двигатель,"бензин, 3.0 л"
Мощность,"258 л.с., налог"
Коробка передач,АКПП
Привод,4WD
Цвет,серебристый
"Пробег, км",219 000
Руль,левый
Поколение,2 поколение
Комплектация,xDrive 28i AT Lifestyle
"Продажа BMW 5-Series, 1999 год в Ростове-на-Дону",290 000 ₽,Двигатель,"бензин, 2.5 л"
Мощность,"170 л.с., налог"
Коробка передач,АКПП
Привод,задний
Тип кузова,седан
Цвет,зеленый
"Пробег, км",200 000
Руль,левый
Поколение,4 поколение
"Продажа BMW X3, 2013 год в Санкт-Петербурге",1 300 000 ₽,Двигатель,"бензин, 2.0 л"
Мощность,"245 л.с., налог"
Коробка передач,АКПП
Привод,4WD
Цвет,белый
"Пробег, км",216 743
Руль,левый
Поколение,2 поколение
"Продажа BMW X6, 2008 год в Бердске",1 405 000 ₽,Двигатель,"бензин, 3.0 л"
Мощность,"306 л.с., налог"
Коробка передач,АКПП
Привод,4WD
Цвет,черный
"Пробег, км",196 000
Руль,левый
Поколение,1 поколение
"Продажа BMW X5, 2008 год в Когалыме",1 120 000 ₽,Двигатель,"бензин, 3.0 л"
Мощность,"272 л.с., налог"
Коробка передач,АКПП
Привод,4WD
Цвет,серый
"Пробег, км",280 000
Руль,левый
Поколение,2 поколение
Комплектация,xDrive 30i AT Base
"Продажа BMW 5-Series, 1996 год в Судаке",320 000 ₽,Двигатель,"бензин, 2.5 л"
Мощность,"170 л.с., налог"
Коробка передач,механика
Привод,задний
Тип кузова,седан
Цвет,серый
"Пробег, км",350 000
Руль,левый
Поколение,4 поколение
"Продажа BMW X3, 2016 год в Барнауле",2 525 000 ₽,Двигатель,"бензин, 2.0 л"
Мощность,"184 л.с., налог"
Коробка передач,АКПП
Привод,4WD
Цвет,коричневый
"Пробег, км",182 000
Руль,левый
Поколение,"2 поколение, рестайлинг"
Комплектация,xDrive 20i AT
"Продажа BMW X5, 2012 год в Омске",1 999 000 ₽,Двигатель,"бензин, 3.0 л"
Мощность,"306 л.с., налог"
Коробка передач,АКПП
Привод,4WD
Цвет,белый
"Пробег, км",103 000
Руль,левый
Поколение,"2 поколение, рестайлинг"
Комплектация,xDrive 35i AT Luxury 
"Продажа BMW 5-Series, 2020 год в Кургане",4 600 000 ₽,Двигатель,"дизель, 3.0 л"
Мощность,"249 л.с., налог"
Коробка передач,АКПП
Привод,4WD
Тип кузова,седан
Цвет,черный
"Пробег, км",60 000
Руль,левый
Поколение,7 поколение
"Продажа BMW 3-Series, 2014 год в Хасавюрте",1 480 000 ₽,Двигатель,"бензин, 1.6 л"
Мощность,"136 л.с., налог"
Коробка передач,АКПП
Привод,задний
Тип кузова,седан
Цвет,белый
"Пробег, км",212 000
Руль,левый
Поколение,6 поколение
"Продажа BMW X5, 2005 год в Москве",900 000 ₽,Двигатель,"дизель, 3.0 л"
Мощность,"218 л.с., налог"
Коробка передач,АКПП
Привод,4WD
Цвет,черный
"Пробег, км",325 000
Руль,левый
Поколение,"1 поколение, рестайлинг"
Комплектация,3.0d AT xDrive
"Продажа BMW X5, 2018 год в Новосибирске",3 900 000 ₽,Двигатель,"дизель, 3.0 л"
Мощность,"249 л.с., налог"
Коробка передач,АКПП
Привод,4WD
Цвет,черный
"Пробег, км",118 900
Руль,левый
"Продажа BMW 3-Series, 2017 год в Новосибирске",2 070 000 ₽,Двигатель,"бензин, 2.0 л"
Мощность,"184 л.с., налог"
Коробка передач,АКПП
Привод,4WD
Тип кузова,седан
Цвет,черный
"Пробег, км",77 767
Руль,левый
Поколение,"6 поколение, рестайлинг"
"Продажа BMW X5, 2021 год в Екатеринбурге",14 950 000 ₽,Двигатель,"бензин, 4.4 л"
Мощность,"625 л.с., налог"
Коробка передач,АКПП
Привод,4WD
Цвет,синий
"Пробег, км",12 500
Руль,левый
Поколение,4 поколение
Комплектация,X5 M Competition First Edition
"Продажа BMW 7-Series, 2010 год в Краснодаре",1 350 000 ₽,Двигатель,"бензин, 4.4 л"
Мощность,"407 л.с., налог"
Коробка передач,АКПП
Привод,4WD
Цвет,черный
"Пробег, км",156 000
Руль,левый
Поколение,5 поколение
"Продажа BMW X5, 2017 год в Москве",3 999 000 ₽,Двигатель,"дизель, 3.0 л"
Мощность,"313 л.с., налог"
Коробка передач,АКПП
Привод,4WD
Цвет,черный
"Пробег, км",131 000
Руль,левый
Поколение,3 поколение
"Продажа BMW 5-Series, 2015 год в Москве",1 649 000 ₽,Двигатель,"бензин, 2.0 л"
Мощность,"245 л.с., налог"
Коробка передач,АКПП
Привод,4WD
Тип кузова,седан
Цвет,белый
"Пробег, км",86 000
Руль,левый
Поколение,"6 поколение, рестайлинг"
"Продажа BMW 5-Series, 2014 год в Москве",1 449 000 ₽,Двигатель,"бензин, 2.0 л"
Мощность,"245 л.с., налог"
Коробка передач,АКПП
Привод,4WD
Тип кузова,седан
Цвет,белый
"Пробег, км",97 000
Руль,левый
Поколение,"6 поколение, рестайлинг"
"Продажа BMW X3, 2018 год в Сочи",3 800 000 ₽,Двигатель,"дизель, 3.0 л"
Мощность,"249 л.с., налог"
Коробка передач,АКПП
Привод,4WD
Цвет,черный
"Пробег, км",152 000
Руль,левый
Поколение,3 поколение
"Продажа BMW 7-Series, 2003 год в Новосибирске",255 000 ₽,Двигатель,"бензин, 4.4 л"
Мощность,"333 л.с., налог"
Коробка передач,АКПП
Привод,задний
Цвет,синий
"Пробег, км",205 000
Руль,левый
Особые отметки,требуется ремонт или не на ходу
Поколение,4 поколение
"Продажа BMW 5-Series, 2004 год в Ишиме",730 000 ₽,Двигатель,"бензин, 2.5 л"
Мощность,"192 л.с., налог"
Коробка передач,АКПП
Привод,задний
Тип кузова,седан
Цвет,черный
"Пробег, км",100 000
Руль,левый
Поколение,5 поколение
"Продажа BMW 7-Series, 2001 год в Москве",785 000 ₽,Двигатель,"бензин, 3.5 л"
Мощность,"238 л.с., налог"
Коробка передач,АКПП
Привод,задний
Цвет,зеленый
"Пробег, км",327 600
Руль,левый
Поколение,"3 поколение, рестайлинг"
Комплектация,735i AT
"Продажа BMW 5-Series, 2010 год в Крымске",2 500 000 ₽,Двигатель,"дизель, 3.0 л"
Мощность,"245 л.с., налог"
Коробка передач,АКПП
Привод,задний
Тип кузова,седан
Цвет,белый
"Пробег, км",96 000
Руль,левый
Поколение,6 поколение
"Продажа BMW 3-Series, 2017 год в Санкт-Петербурге",1 942 000 ₽,Двигатель,"бензин, 2.0 л"
Мощность,"184 л.с., налог"
Коробка передач,АКПП
Привод,задний
Тип кузова,седан
Цвет,белый
"Пробег, км",84 500
Руль,левый
Поколение,"6 поколение, рестайлинг"
"Продажа BMW 7-Series, 2019 год в Тюмени",7 299 000 ₽,Двигатель,"дизель, 3.0 л"
Мощность,"320 л.с., налог"
Коробка передач,АКПП
Привод,4WD
Цвет,черный
"Пробег, км",80 000
Руль,левый
Поколение,"6 поколение, рестайлинг"
"Продажа BMW 5-Series, 2015 год в Екатеринбурге",1 700 000 ₽,Двигатель,"бензин, 2.0 л"
Мощность,"184 л.с., налог"
Коробка передач,АКПП
Привод,задний
Тип кузова,седан
Руль,левый
Поколение,"6 поколение, рестайлинг"
"Продажа BMW 3-Series, 2002 год в Краснодаре",615 000 ₽,Двигатель,"бензин, 2.5 л"
Мощность,"192 л.с., налог"
Коробка передач,механика
Привод,4WD
Тип кузова,седан
Цвет,черный
"Пробег, км",257 000
Руль,левый
Поколение,"4 поколение, рестайлинг"
"Продажа BMW X3, 2011 год в Тюмени",1 680 000 ₽,Двигатель,"бензин, 3.0 л"
Мощность,"306 л.с., налог"
Коробка передач,АКПП
Привод,4WD
Цвет,белый
"Пробег, км",153 400
Руль,левый
Поколение,2 поколение
"Продажа BMW 5-Series, 2014 год в Краснодаре",1 465 000 ₽,Двигатель,"бензин, 2.0 л"
Мощность,"184 л.с., налог"
Коробка передач,АКПП
Привод,задний
Тип кузова,седан
Цвет,черный
"Пробег, км",144 000
Руль,левый
Поколение,"6 поколение, рестайлинг"
"Продажа BMW X6, 2013 год в Сочи",1 873 485 ₽,Двигатель,"бензин, 4.4 л"
Мощность,"555 л.с., налог"
Коробка передач,АКПП
Привод,4WD
Цвет,белый
"Пробег, км",70 000
Руль,левый
Особые отметки,"документы с проблемами, запрет"
Поколение,"1 поколение, рестайлинг"
"Продажа BMW X5, 2018 год в Москве",5 445 000 ₽,Двигатель,"бензин, 4.4 л"
Мощность,"575 л.с., налог"
Коробка передач,АКПП
Привод,4WD
Цвет,черный
"Пробег, км",59 612
Руль,левый
Поколение,3 поколение
Комплектация,X5 M
"Продажа BMW 4-Series, 2014 год в Санкт-Петербурге",1 789 789 ₽,Двигатель,"бензин, 2.0 л"
Мощность,"184 л.с., налог"
Коробка передач,АКПП
Привод,задний
Тип кузова,лифтбек
Цвет,черный
"Пробег, км",159 457
Руль,левый
Поколение,1 поколение
"Продажа BMW X1, 2013 год в Санкт-Петербурге",1 189 789 ₽,Двигатель,"дизель, 2.0 л"
Мощность,"184 л.с., налог"
Коробка передач,АКПП
Привод,4WD
Цвет,коричневый
"Пробег, км",230 348
Руль,левый
Поколение,"1 поколение, рестайлинг"
"Продажа BMW 5-Series, 1997 год в Липецке",250 000 ₽,Двигатель,"бензин, 2.5 л"
Мощность,"170 л.с., налог"
Коробка передач,АКПП
Привод,задний
Тип кузова,седан
Цвет,зеленый
"Пробег, км",350 000
Руль,левый
Поколение,4 поколение
"Продажа BMW 5-Series, 2014 год в Москве",1 604 000 ₽,Двигатель,"дизель, 2.0 л"
Мощность,"184 л.с., налог"
Коробка передач,АКПП
Привод,задний
Тип кузова,седан
Цвет,синий
"Пробег, км",187 367
Руль,левый
Поколение,"6 поколение, рестайлинг"
"Продажа BMW X1, 2012 год в Санкт-Петербурге",1 128 000 ₽,Двигатель,"бензин, 2.0 л"
Мощность,"150 л.с., налог"
Коробка передач,АКПП
Привод,задний
Цвет,коричневый
"Пробег, км",93 752
Руль,левый
Поколение,1 поколение
"Продажа BMW X5, 2007 год в Уйском",1 100 000 ₽,Двигатель,"бензин, 4.8 л"
Мощность,"355 л.с., налог"
Коробка передач,АКПП
Привод,4WD
Цвет,серый
"Пробег, км",214 000
Руль,левый
Поколение,2 поколение
Комплектация,xDrive 48i AT
"Продажа BMW 3-Series, 2017 год в Санкт-Петербурге",2 230 000 ₽,Двигатель,"дизель, 2.0 л"
Мощность,"190 л.с., налог"
Коробка передач,АКПП
Привод,4WD
Тип кузова,седан
Цвет,синий
"Пробег, км",56 542
Руль,левый
Поколение,"6 поколение, рестайлинг"
"Продажа BMW X3, 2017 год в Санкт-Петербурге",2 849 000 ₽,Двигатель,"дизель, 2.0 л"
Мощность,"190 л.с., налог"
Коробка передач,АКПП
Привод,4WD
Цвет,белый
"Пробег, км",86 000
Руль,левый
"Продажа BMW X5, 2008 год в Ангарске",1 090 000 ₽,Двигатель,"бензин, 3.0 л"
Мощность,"272 л.с., налог"
Коробка передач,АКПП
Привод,4WD
Цвет,белый
"Пробег, км",218 000
Руль,левый
Поколение,2 поколение
"Продажа BMW X1, 2011 год в Омске",1 050 000 ₽,Двигатель,"бензин, 2.0 л"
Мощность,"150 л.с., налог"
Коробка передач,АКПП
Привод,задний
Цвет,коричневый
"Пробег, км",242 000
Руль,левый
Поколение,1 поколение
"Продажа BMW 7-Series, 1994 год в Екатеринбурге",355 000 ₽,Двигатель,"бензин, 3.0 л"
Мощность,"218 л.с., налог"
Коробка передач,АКПП
Привод,задний
Цвет,черный
"Пробег, км",496 000
Руль,левый
Поколение,3 поколение
Комплектация,730i AT
"Продажа BMW 3-Series, 2010 год в Тюмени",1 150 000 ₽,Двигатель,"бензин, 3.0 л"
Мощность,"272 л.с., налог"
Коробка передач,АКПП
Привод,4WD
Тип кузова,седан
Цвет,черный
"Пробег, км",84 523
Руль,левый
Поколение,"5 поколение, рестайлинг"
"Продажа BMW 3-Series, 2010 год в Миассе",1 150 000 ₽,Двигатель,"бензин, 2.0 л"
Мощность,"156 л.с., налог"
Коробка передач,АКПП
Привод,задний
Тип кузова,седан
Цвет,серый
"Пробег, км",207 000
Руль,левый
Поколение,"5 поколение, рестайлинг"
"Продажа BMW X1, 2011 год в Челябинске",980 000 ₽,Двигатель,"бензин, 2.0 л"
Мощность,"150 л.с., налог"
Коробка передач,АКПП
Привод,задний
Цвет,черный
"Пробег, км",148 000
Руль,левый
Поколение,1 поколение
Комплектация,sDrive 18i AT Urban 
"Продажа BMW 3-Series, 2006 год в Екатеринбурге",539 000 ₽,Двигатель,"бензин, 2.5 л"
Мощность,"218 л.с., налог"
Коробка передач,АКПП
Привод,задний
Тип кузова,седан
Цвет,серебристый
"Пробег, км",250 000
Руль,левый
Поколение,5 поколение
"Продажа BMW X6, 2015 год в Москве",2 722 000 ₽,Двигатель,"бензин, 3.0 л"
Мощность,"306 л.с., налог"
Коробка передач,АКПП
Привод,4WD
Цвет,коричневый
"Пробег, км",177 299
Руль,левый
Поколение,2 поколение
"Продажа BMW 3-Series, 1999 год в Балашихе",340 000 ₽,Двигатель,"бензин, 1.9 л"
Мощность,"105 л.с., налог"
Коробка передач,механика
Привод,задний
Тип кузова,седан
Цвет,черный
"Пробег, км",340 000
Руль,левый
Поколение,4 поколение
"Продажа BMW 5-Series, 1989 год в Улан-Удэ",90 000 ₽,Двигатель,"бензин, 2.0 л"
Мощность,"129 л.с., налог"
Коробка передач,АКПП
Привод,задний
Тип кузова,седан
Цвет,черный
"Пробег, км",200 000
Руль,левый
Особые отметки,требуется ремонт или не на ходу
"Продажа BMW 7-Series, 2011 год в Тюмени",1 599 000 ₽,Двигатель,"бензин, 4.4 л"
Мощность,"407 л.с., налог"
Коробка передач,АКПП
Привод,задний
Цвет,черный
"Пробег, км",144 001
Руль,левый
Поколение,5 поколение
"Продажа BMW 5-Series, 2013 год в Тюмени",2 149 000 ₽,Двигатель,"дизель, 3.0 л"
Мощность,"258 л.с., налог"
Коробка передач,АКПП
Привод,4WD
Тип кузова,седан
Цвет,черный
"Пробег, км",201 150
Руль,левый
Поколение,"6 поколение, рестайлинг"
"Продажа BMW X6, 2009 год в Благовещенске",1 650 000 ₽,Двигатель,"бензин, 4.4 л"
Мощность,"555 л.с., налог"
Коробка передач,АКПП
Привод,4WD
Цвет,белый
"Пробег, км",130 000
Руль,левый
Поколение,1 поколение
Комплектация,4.4 AT M
"Продажа BMW 3-Series, 2011 год в Санкт-Петербурге",650 000 ₽,Двигатель,"бензин, 2.0 л"
Мощность,"136 л.с., налог"
Коробка передач,АКПП
Привод,задний
Тип кузова,седан
Цвет,черный
"Пробег, км",225 000
Руль,левый
Поколение,"5 поколение, рестайлинг"
"Продажа BMW X5, 2007 год в Ростове-на-Дону",1 250 000 ₽,Двигатель,"бензин, 3.0 л"
Мощность,"272 л.с., налог"
Коробка передач,АКПП
Привод,4WD
Руль,левый
Поколение,2 поколение
"Продажа BMW X5, 2022 год в Екатеринбурге",13 499 000 ₽,Двигатель,"бензин, 3.0 л"
Мощность,"340 л.с., налог"
Коробка передач,АКПП
Привод,4WD
Цвет,черный
"Пробег, км",5 696
Руль,левый
Поколение,4 поколение
"Продажа BMW X5, 2009 год в Краснодаре",1 380 000 ₽,Двигатель,"бензин, 4.8 л"
Мощность,"355 л.с., налог"
Коробка передач,АКПП
Привод,4WD
Цвет,белый
"Пробег, км",210 000
Руль,левый
Поколение,2 поколение
"Продажа BMW X5, 2002 год в Краснодаре",599 000 ₽,Двигатель,"бензин, 4.6 л"
Мощность,"347 л.с., налог"
Коробка передач,АКПП
Привод,4WD
Цвет,черный
"Пробег, км",300 000
Руль,левый
Поколение,1 поколение
"Продажа BMW X6, 2012 год в Сочи",2 590 000 ₽,Двигатель,"бензин, 4.4 л"
Мощность,"555 л.с., налог"
Коробка передач,АКПП
Привод,4WD
Цвет,черный
"Пробег, км",173 000
Руль,левый
Поколение,1 поколение
Комплектация,4.4 AT M
"Продажа BMW X3, 2021 год в Санкт-Петербурге",4 399 000 ₽,Двигатель,"дизель, 2.0 л"
Мощность,"190 л.с., налог"
Коробка передач,АКПП
Привод,4WD
Цвет,синий
"Пробег, км",12 196
Руль,левый
Поколение,3 поколение
"Продажа BMW 4-Series, 2014 год в Екатеринбурге",2 490 000 ₽,Двигатель,"бензин, 2.0 л"
Мощность,"245 л.с., налог"
Коробка передач,АКПП
Привод,4WD
Тип кузова,лифтбек
Цвет,черный
"Пробег, км",128 000
Руль,левый
Поколение,1 поколение
"Продажа BMW X6, 2008 год в Омске",1 570 000 ₽,Двигатель,"бензин, 3.0 л"
Мощность,"306 л.с., налог"
Коробка передач,АКПП
Привод,4WD
Цвет,черный
"Пробег, км",200 000
Руль,левый
Поколение,1 поколение
"Продажа BMW 5-Series, 2020 год в Москве",5 995 000 ₽,Двигатель,"дизель, 3.0 л"
Мощность,"249 л.с., налог"
Коробка передач,АКПП
Привод,4WD
Тип кузова,седан
Цвет,черный
"Пробег, км",38 600
Руль,левый
Поколение,7 поколение
"Продажа BMW M8, 2020 год в Москве",11 795 000 ₽,Двигатель,"бензин, 4.4 л"
Мощность,"625 л.с., налог"
Коробка передач,АКПП
Привод,4WD
Тип кузова,седан
Цвет,серый
"Пробег, км",23 021
Руль,левый
Поколение,1 поколение
"Продажа BMW X5, 2003 год в Новороссийске",1 000 000 ₽,Двигатель,"бензин, 3.0 л, ГБО"
Мощность,"231 л.с., налог"
Коробка передач,АКПП
Привод,4WD
Цвет,черный
"Пробег, км",226 000
Руль,левый
Поколение,"1 поколение, рестайлинг"
"Продажа BMW 1-Series, 2017 год в Тюмени",1 389 000 ₽,Двигатель,"бензин, 1.6 л"
Мощность,"136 л.с., налог"
Коробка передач,автомат
Привод,задний
Тип кузова,хэтчбек 5 дв.
Цвет,черный
"Пробег, км",120 756
Руль,левый
Поколение,"2 поколение, рестайлинг"
"Продажа BMW 7-Series, 1993 год в Минеральных Водах",380 000 ₽,Двигатель,"бензин, 3.0 л, ГБО"
Мощность,"188 л.с., налог"
Коробка передач,механика
Привод,задний
Цвет,черный
"Пробег, км",438 000
Руль,левый
Поколение,2 поколение
Комплектация,730i MT Catalyst
"Продажа BMW X1, 2013 год в Красноярске",1 297 000 ₽,Двигатель,"бензин, 2.0 л"
Мощность,"184 л.с., налог"
Коробка передач,АКПП
Привод,4WD
Цвет,белый
"Пробег, км",113 000
Руль,левый
Поколение,"1 поколение, рестайлинг"
Комплектация,xDrive 20i AT xLine 
"Продажа BMW X7, 2020 год в Москве",8 400 000 ₽,Двигатель,"дизель, 3.0 л"
Мощность,"249 л.с., налог"
Коробка передач,АКПП
Привод,4WD
Цвет,серый
"Пробег, км",41 865
Руль,левый
Поколение,1 поколение
"Продажа BMW X2, 2018 год в Нижневартовске",2 790 000 ₽,Двигатель,"бензин, 2.0 л"
Мощность,"192 л.с., налог"
Коробка передач,АКПП
Привод,4WD
Цвет,черный
"Пробег, км",47 000
Руль,левый
Поколение,1 поколение
Комплектация,xDrive 20i AT Advantage
"Продажа BMW X6, 2017 год в Барнауле",4 395 000 ₽,Двигатель,"дизель, 3.0 л"
Мощность,"313 л.с., налог"
Коробка передач,АКПП
Привод,4WD
Цвет,серый
"Пробег, км",126 114
Руль,левый
Поколение,2 поколение
Комплектация,xDrive 40d AT
"Продажа BMW M4, 2018 год в Москве",3 900 000 ₽,Двигатель,"бензин, 3.0 л"
Мощность,"431 л.с., налог"
Коробка передач,робот
Привод,задний
Тип кузова,купе
Цвет,синий
"Пробег, км",38 000
Руль,левый
Поколение,"1 поколение, рестайлинг"
"Продажа BMW 3-Series, 2019 год в Нижнем Новгороде",2 890 000 ₽,Двигатель,"дизель, 2.0 л"
Мощность,"190 л.с., налог"
Коробка передач,АКПП
Привод,4WD
Тип кузова,седан
Цвет,черный
"Пробег, км",74 000
Руль,левый
Поколение,7 поколение
"Продажа BMW X6, 2009 год в Благовещенске",1 300 000 ₽,Двигатель,"бензин, 4.4 л"
Мощность,"407 л.с., налог"
Коробка передач,АКПП
Привод,4WD
Цвет,черный
"Пробег, км",112 000
Руль,левый
Поколение,1 поколение
Комплектация,xDrive 50i AT
"Продажа BMW X3, 2012 год в Тюмени",1 529 000 ₽,Двигатель,"бензин, 2.0 л"
Мощность,"245 л.с., налог"
Коробка передач,АКПП
Привод,4WD
Цвет,коричневый
"Пробег, км",137 756
Руль,левый
Поколение,2 поколение
"Продажа BMW 5-Series, 1997 год в Иркутске",260 000 ₽,Двигатель,"бензин, 2.5 л"
Мощность,"170 л.с., налог"
Коробка передач,АКПП
Привод,задний
Тип кузова,седан
Цвет,серый
"Пробег, км",424 000
Руль,левый
Поколение,4 поколение
"Продажа BMW X3, 2019 год в Тюмени",4 050 000 ₽,Двигатель,"бензин, 2.0 л"
Мощность,"249 л.с., налог"
Коробка передач,АКПП
Привод,4WD
Цвет,серый
"Пробег, км",31 806
Руль,левый
Поколение,3 поколение
Комплектация,xDrive 30i AT M Sport
"Продажа BMW X3, 2005 год в Калининграде",870 000 ₽,Двигатель,"бензин, 3.0 л"
Мощность,"231 л.с., налог"
Коробка передач,АКПП
Привод,4WD
Цвет,черный
"Пробег, км",198 500
Руль,левый
Поколение,1 поколение
Комплектация,3.0i AT
"Продажа BMW X5, 2011 год в Нефтеюганске",1 990 000 ₽,Двигатель,"бензин, 4.4 л"
Мощность,"407 л.с., налог"
Коробка передач,АКПП
Привод,4WD
Цвет,коричневый
"Пробег, км",123 000
Руль,левый
Поколение,"2 поколение, рестайлинг"
"Продажа BMW X1, 2011 год в Хабаровске",1 050 000 ₽,Двигатель,"бензин, 2.0 л"
Мощность,"150 л.с., налог"
Коробка передач,АКПП
Привод,задний
Цвет,черный
"Пробег, км",78 000
Руль,левый
Поколение,1 поколение
"Продажа BMW 5-Series, 2007 год в Краснодаре",1 700 000 ₽,Двигатель,"дизель, 3.0 л"
Мощность,"286 л.с., налог"
Коробка передач,АКПП
Привод,задний
Тип кузова,седан
Цвет,черный
"Пробег, км",300 000
Руль,левый
Поколение,"5 поколение, рестайлинг"
"Продажа BMW 3-Series, 2012 год в Королёве",1 195 000 ₽,Двигатель,"бензин, 2.0 л"
Мощность,"184 л.с., налог"
Коробка передач,АКПП
Привод,задний
Тип кузова,седан
Цвет,красный
"Пробег, км",109 000
Руль,левый
Поколение,6 поколение
"Продажа BMW 7-Series, 2003 год в Челябинске",450 000 ₽,Двигатель,"бензин, 3.6 л"
Мощность,"272 л.с., налог"
Коробка передач,АКПП
Привод,задний
Цвет,черный
"Пробег, км",190 000
Руль,левый
Поколение,4 поколение
Комплектация,735Li AT
"Продажа BMW X5, 2001 год в Барнауле",666 000 ₽,Двигатель,"бензин, 3.0 л"
Мощность,"231 л.с., налог"
Коробка передач,АКПП
Привод,4WD
Цвет,серебристый
"Пробег, км",150 000
Руль,левый
Поколение,1 поколение
Комплектация,3.0i AT xDrive
"Продажа BMW 5-Series, 2003 год в Нижнем Тагиле",439 000 ₽,Двигатель,"бензин, 2.5 л"
Мощность,"192 л.с., налог"
Коробка передач,механика
Привод,задний
Тип кузова,седан
"Пробег, км",252 000
Руль,левый
Поколение,"4 поколение, рестайлинг"
"Продажа BMW 7-Series, 1993 год в Челябинске",260 000 ₽,Двигатель,"бензин, 3.0 л"
Мощность,"218 л.с., налог"
Коробка передач,механика
Привод,задний
Цвет,черный
"Пробег, км",250 000
Руль,левый
Поколение,2 поколение
Комплектация,730i MT
"Продажа BMW X5, 2019 год во Владивостоке",4 900 000 ₽,Двигатель,"дизель, 3.0 л"
Мощность,"265 л.с., налог"
Коробка передач,АКПП
Привод,4WD
Цвет,черный
"Пробег, км","57 662, без пробега по РФ"
Руль,правый
Поколение,4 поколение
Комплектация,xDrive 35d M Sport (5 seater)
"Продажа BMW X3, 2009 год в Барнауле",1 170 000 ₽,Двигатель,"бензин, 3.0 л"
Мощность,"272 л.с., налог"
Коробка передач,АКПП
Привод,4WD
Цвет,бежевый
"Пробег, км",109 188
Руль,левый
Поколение,"1 поколение, рестайлинг"
Комплектация,xDrive30i AT
"Продажа BMW 5-Series, 2006 год в Армавире",850 000 ₽,Двигатель,"дизель, 2.5 л"
Мощность,"177 л.с., налог"
Коробка передач,АКПП
Привод,задний
Тип кузова,седан
Цвет,черный
"Пробег, км",297 000
Руль,левый
Поколение,5 поколение
"Продажа BMW 3-Series, 2019 год в Краснодаре",2 799 000 ₽,Двигатель,"бензин, 2.0 л"
Мощность,"184 л.с., налог"
Коробка передач,АКПП
Привод,задний
Тип кузова,седан
Цвет,синий
"Пробег, км",54 000
Руль,левый
"Продажа BMW 2-Series Active Tourer, 2016 год в Иркутске",1 450 000 ₽,Двигатель,"бензин, 1.5 л, гибрид"
Мощность,"136 л.с., налог"
Коробка передач,автомат
Привод,4WD
Цвет,черный
"Пробег, км","105 000, без пробега по РФ"
Руль,правый
"Продажа BMW X5, 2011 год в Сургуте",2 200 000 ₽,Двигатель,"дизель, 3.0 л"
Мощность,"245 л.с., налог"
Коробка передач,АКПП
Привод,4WD
Цвет,белый
"Пробег, км",175 000
Руль,левый
Поколение,"2 поколение, рестайлинг"
"Продажа BMW X5, 2020 год в Москве",9 499 000 ₽,Двигатель,"бензин, 4.4 л"
Мощность,"600 л.с., налог"
Коробка передач,АКПП
Привод,4WD
Цвет,зеленый
"Пробег, км",22 800
Руль,левый
Поколение,4 поколение
Комплектация,X5 M SE
"Продажа BMW X5, 2007 год в Москве",1 100 000 ₽,Двигатель,"бензин, 4.8 л"
Мощность,"355 л.с., налог"
Коробка передач,АКПП
Привод,4WD
Цвет,черный
"Пробег, км",235 000
Руль,левый
Поколение,2 поколение
Комплектация,xDrive 48i AT Sport
"Продажа BMW X5, 2004 год в Новосибирске",750 000 ₽,Двигатель,"бензин, 3.0 л"
Мощность,"231 л.с., налог"
Коробка передач,АКПП
Привод,4WD
Цвет,серый
"Пробег, км",357 000
Руль,левый
Поколение,"1 поколение, рестайлинг"
Комплектация,3.0i AT xDrive
"Продажа BMW X1, 2012 год в Красноярске",1 188 000 ₽,Двигатель,"бензин, 2.0 л"
Мощность,"150 л.с., налог"
Коробка передач,АКПП
Привод,задний
Цвет,бежевый
"Пробег, км",175 000
Руль,левый
Поколение,1 поколение
"Продажа BMW 7-Series, 2002 год в Кемерово",500 000 ₽,Двигатель,"бензин, 4.4 л"
Мощность,"272 л.с., налог"
Коробка передач,АКПП
Привод,задний
Цвет,серый
"Пробег, км",250 000
Руль,правый
Поколение,4 поколение
"Продажа BMW 3-Series, 2013 год в Красноярске",1 395 000 ₽,Двигатель,"бензин, 1.6 л"
Мощность,"136 л.с., налог"
Коробка передач,АКПП
Привод,задний
Тип кузова,седан
Цвет,черный
"Пробег, км",156 012
Руль,левый
Поколение,6 поколение
"Продажа BMW 5-Series, 1999 год в Йошкар-Оле",370 000 ₽,Двигатель,"бензин, 2.5 л"
Мощность,"170 л.с., налог"
Коробка передач,механика
Привод,задний
Тип кузова,седан
Цвет,синий
"Пробег, км",350 000
Руль,левый
Поколение,4 поколение
"Продажа BMW 5-Series, 2009 год в Краснодаре",1 390 000 ₽,Двигатель,"дизель, 3.0 л"
Мощность,"197 л.с., налог"
Коробка передач,АКПП
Привод,задний
Тип кузова,седан
Цвет,серый
"Пробег, км",389 000
Руль,левый
Поколение,"5 поколение, рестайлинг"
"Продажа BMW X1, 2018 год в Краснодаре",2 500 000 ₽,Двигатель,"дизель, 2.0 л"
Мощность,"231 л.с., налог"
Коробка передач,АКПП
Привод,4WD
Цвет,белый
"Пробег, км",146 000
Руль,левый
Поколение,2 поколение
Комплектация,xDrive 25d AT M Sport Model
"Продажа BMW 7-Series, 2018 год в Москве",3 900 000 ₽,Двигатель,"дизель, 3.0 л"
Мощность,"265 л.с., налог"
Коробка передач,АКПП
Привод,4WD
Цвет,серый
"Пробег, км",78 000
Руль,левый
Поколение,6 поколение
Комплектация,730d AT xDrive
"Продажа BMW X5, 2005 год в Стерлитамаке",943 000 ₽,Двигатель,"бензин, 4.4 л"
Мощность,"320 л.с., налог"
Коробка передач,АКПП
Привод,4WD
Цвет,черный
"Пробег, км",575 425
Руль,левый
Поколение,"1 поколение, рестайлинг"
"Продажа BMW 3-Series, 2014 год в Тюмени",1 570 000 ₽,Двигатель,"бензин, 1.6 л"
Мощность,"136 л.с., налог"
Коробка передач,АКПП
Привод,задний
Тип кузова,седан
Цвет,синий
"Пробег, км",136 500
Руль,левый
Поколение,6 поколение
"Продажа BMW X6, 2008 год во Владивостоке",1 050 000 ₽,Двигатель,"бензин, 3.0 л"
Мощность,"306 л.с., налог"
Коробка передач,АКПП
Привод,4WD
Цвет,серый
"Пробег, км",196 000
Руль,левый
Поколение,1 поколение
"Продажа BMW X3, 2011 год в Новосибирске",1 430 000 ₽,Двигатель,"бензин, 3.0 л"
Мощность,"258 л.с., налог"
Коробка передач,АКПП
Привод,4WD
Цвет,черный
"Пробег, км",181 000
Руль,левый
Поколение,2 поколение
Комплектация,xDrive 28i AT Exclusive
"Продажа BMW 5-Series, 1998 год в Междуреченске",190 000 ₽,Двигатель,"бензин, 2.5 л"
Мощность,"170 л.с., налог"
Коробка передач,механика
Привод,задний
Тип кузова,седан
Цвет,синий
"Пробег, км",342 875
Руль,левый
Поколение,4 поколение
"Продажа BMW X1, 2018 год в Новосибирске",2 290 000 ₽,Двигатель,"дизель, 2.0 л"
Мощность,"231 л.с., налог"
Коробка передач,АКПП
Привод,4WD
Цвет,серый
"Пробег, км",155 000
Руль,левый
Поколение,2 поколение
Комплектация,xDrive 25d AT M Sport Model
"Продажа BMW 3-Series, 2009 год в Туле",1 200 000 ₽,Двигатель,"бензин, 3.0 л"
Мощность,"218 л.с., налог"
Коробка передач,АКПП
Привод,задний
Тип кузова,купе
Цвет,белый
"Пробег, км",170 000
Руль,левый
Поколение,5 поколение
"Продажа BMW 3-Series, 1997 год в Симферополе",265 000 ₽,Двигатель,"бензин, 1.6 л"
Мощность,"102 л.с., налог"
Коробка передач,механика
Привод,задний
Тип кузова,седан
Цвет,серебристый
"Пробег, км",150 000
Руль,левый
Поколение,3 поколение
"Продажа BMW 5-Series, 2014 год в Нижневартовске",2 000 000 ₽,Двигатель,"бензин, 2.0 л"
Мощность,"184 л.с., налог"
Коробка передач,АКПП
Привод,задний
Тип кузова,седан
Цвет,белый
"Пробег, км",130 000
Руль,левый
Поколение,"6 поколение, рестайлинг"
"Продажа BMW 3-Series, 2008 год в Челябинске",760 000 ₽,Двигатель,"бензин, 2.0 л"
Мощность,"156 л.с., налог"
Коробка передач,АКПП
Привод,задний
Тип кузова,седан
Цвет,черный
"Пробег, км",240 000
Руль,левый
Поколение,"5 поколение, рестайлинг"
"Продажа BMW X5, 2008 год в Иркутске",965 000 ₽,Двигатель,"бензин, 3.0 л"
Мощность,"272 л.с., налог"
Коробка передач,АКПП
Привод,4WD
Цвет,серый
"Пробег, км",322 000
Руль,левый
Поколение,2 поколение
Комплектация,xDrive 30i AT
"Продажа BMW 5-Series, 2010 год в Екатеринбурге",1 350 000 ₽,Двигатель,"дизель, 2.0 л"
Мощность,"184 л.с., налог"
Коробка передач,АКПП
Привод,задний
Тип кузова,седан
Цвет,черный
"Пробег, км",280 000
Руль,левый
Поколение,6 поколение
"Продажа BMW X1, 2013 год в Красноярске",1 238 000 ₽,Двигатель,"бензин, 2.0 л"
Мощность,"150 л.с., налог"
Коробка передач,автомат
Привод,4WD
Цвет,серебристый
"Пробег, км",150 000
Руль,левый
"Продажа BMW 5-Series, 1998 год в Аскизе",380 000 ₽,Двигатель,"бензин, 2.5 л"
Мощность,"170 л.с., налог"
Коробка передач,АКПП
Привод,задний
Тип кузова,седан
Цвет,синий
"Пробег, км",180 000
Руль,левый
Поколение,4 поколение
"Продажа BMW 1-Series, 2008 год в Москве",750 000 ₽,Двигатель,"бензин, 1.6 л"
Мощность,"122 л.с., налог"
Коробка передач,механика
Привод,задний
Тип кузова,хэтчбек 5 дв.
Цвет,черный
"Пробег, км",171 000
Руль,левый
Поколение,"1 поколение, рестайлинг"
"Продажа BMW 7-Series, 2013 год в Москве",1 599 000 ₽,Двигатель,"бензин, 4.4 л"
Мощность,"450 л.с., налог"
Коробка передач,АКПП
Привод,4WD
Цвет,черный
"Пробег, км",112 366
Руль,левый
Поколение,"5 поколение, рестайлинг"
"Продажа BMW 5-Series, 2004 год в Павловском Посаде",750 000 ₽,Двигатель,"бензин, 2.5 л"
Мощность,"192 л.с., налог"
Коробка передач,АКПП
Привод,задний
Тип кузова,седан
Цвет,серый
"Пробег, км",251 000
Руль,левый
Поколение,5 поколение
"Продажа BMW X6, 2010 год в Северске",1 900 000 ₽,Двигатель,"бензин, 3.0 л"
Мощность,"306 л.с., налог"
Коробка передач,АКПП
Привод,4WD
Цвет,белый
"Пробег, км",161 000
Руль,левый
Поколение,1 поколение
Комплектация,xDrive 35i AT
"Продажа BMW 5-Series, 1990 год в Омске",190 000 ₽,Двигатель,"бензин, 1.8 л"
Мощность,"113 л.с., налог"
Коробка передач,механика
Привод,задний
Тип кузова,седан
Цвет,синий
"Пробег, км",485 408
Руль,левый
Поколение,3 поколение
"Продажа BMW X5, 2004 год в Прокопьевске",800 000 ₽,Двигатель,"бензин, 3.0 л, ГБО"
Мощность,"231 л.с., налог"
Коробка передач,АКПП
Привод,4WD
Цвет,серебристый
"Пробег, км",270 000
Руль,левый
Поколение,"1 поколение, рестайлинг"
Комплектация,3.0i AT xDrive
"Продажа BMW X6, 2021 год в Новосибирске",9 300 000 ₽,Двигатель,"дизель, 3.0 л"
Мощность,"286 л.с., налог"
Коробка передач,автомат
Привод,4WD
Цвет,синий
"Пробег, км",9 000
Руль,левый
"Продажа BMW 7-Series, 1997 год в Севастополе",500 000 ₽,Двигатель,"бензин, 4.4 л"
Мощность,"286 л.с., налог"
Коробка передач,механика
Привод,задний
Цвет,зеленый
"Пробег, км",340 000
Руль,левый
Поколение,3 поколение
Комплектация,740i MT
"Продажа BMW X6, 2019 год в Тюмени",4 699 000 ₽,Двигатель,"дизель, 3.0 л"
Мощность,"249 л.с., налог"
Коробка передач,АКПП
Привод,4WD
Цвет,черный
"Пробег, км",98 000
Руль,левый
Поколение,2 поколение
Комплектация,xDrive 30d AT M Sport Pure
"Продажа BMW 7-Series, 2009 год в Новосибирске",1 350 000 ₽,Двигатель,"бензин, 4.4 л"
Мощность,"407 л.с., налог"
Коробка передач,АКПП
Привод,задний
Цвет,черный
"Пробег, км",144 000
Руль,левый
Поколение,5 поколение
"Продажа BMW 7-Series, 1996 год в Екатеринбурге",255 000 ₽,Двигатель,"бензин, 2.8 л"
Мощность,"193 л.с., налог"
Коробка передач,АКПП
Привод,задний
Цвет,синий
"Пробег, км",450 000
Руль,левый
Особые отметки,требуется ремонт или не на ходу
Поколение,3 поколение
"Продажа BMW X5, 2019 год в Новокузнецке",3 500 000 ₽,Двигатель,"бензин, 3.0 л"
Мощность,"340 л.с., налог"
Коробка передач,АКПП
Привод,4WD
Цвет,черный
"Пробег, км",80 000
Руль,левый
Особые отметки,требуется ремонт или не на ходу
Поколение,4 поколение
"Продажа BMW X5, 2003 год в Красноярске",750 000 ₽,Двигатель,"бензин, 3.0 л"
Мощность,"231 л.с., налог"
Коробка передач,АКПП
Привод,4WD
Цвет,черный
"Пробег, км",90 000
Руль,левый
Поколение,1 поколение
"Продажа BMW 5-Series, 1998 год в Екатеринбурге",800 000 ₽,Двигатель,"бензин, 2.8 л"
Мощность,"193 л.с., налог"
Коробка передач,механика
Привод,задний
Тип кузова,седан
Цвет,серый
"Пробег, км",260 100
Руль,левый
Поколение,4 поколение
"Продажа BMW X5, 2015 год в Новосибирске",2 990 000 ₽,Двигатель,"дизель, 3.0 л"
Мощность,"249 л.с., налог"
Коробка передач,АКПП
Привод,4WD
Цвет,коричневый
"Пробег, км",130 000
Руль,левый
Поколение,3 поколение
Комплектация,xDrive 30d AT
"Продажа BMW 1-Series, 2006 год в Челябинске",600 000 ₽,Двигатель,"бензин, 2.0 л"
Мощность,"129 л.с., налог"
Коробка передач,АКПП
Привод,задний
Тип кузова,хэтчбек 5 дв.
Цвет,красный
"Пробег, км",198 000
Руль,левый
Поколение,1 поколение
"Продажа BMW X6, 2008 год в Нижневартовске",1 500 000 ₽,Двигатель,"дизель, 3.0 л"
Мощность,"245 л.с., налог"
Коробка передач,АКПП
Привод,4WD
Цвет,синий
"Пробег, км",272 000
Руль,левый
Поколение,1 поколение
"Продажа BMW 3-Series, 1991 год в Севастополе",180 000 ₽,Двигатель,"бензин, 1.8 л"
Мощность,"113 л.с., налог"
Коробка передач,механика
Привод,задний
Тип кузова,седан
Цвет,зеленый
"Пробег, км",235 000
Руль,левый
Поколение,3 поколение
"Продажа BMW 5-Series, 2013 год в Южноуральске",1 800 000 ₽,Двигатель,"бензин, 2.0 л"
Мощность,"245 л.с., налог"
Коробка передач,АКПП
Привод,4WD
Тип кузова,седан
Цвет,черный
"Пробег, км",177
Руль,левый
Поколение,6 поколение
"Продажа BMW 1-Series, 2011 год в Новосибирске",1 029 000 ₽,Двигатель,"бензин, 1.6 л"
Мощность,"170 л.с., налог"
Коробка передач,АКПП
Привод,задний
Тип кузова,хэтчбек 5 дв.
Цвет,синий
"Пробег, км",105 000
Руль,левый
Поколение,2 поколение
"Продажа BMW X5, 2021 год в Казани",9 800 000 ₽,Двигатель,"дизель, 2.0 л"
Мощность,"231 л.с., налог"
Коробка передач,АКПП
Привод,4WD
Цвет,белый
"Пробег, км",20
Руль,левый
Поколение,4 поколение
Комплектация,xDrive 25d AT Business
"Продажа BMW 1-Series, 2008 год в Уфе",580 000 ₽,Двигатель,"бензин, 1.6 л"
Мощность,"116 л.с., налог"
Коробка передач,АКПП
Привод,задний
Тип кузова,хэтчбек 5 дв.
Цвет,черный
"Пробег, км",301 000
Руль,левый
Поколение,"1 поколение, рестайлинг"
"Продажа BMW 5-Series, 2001 год в Казани",280 000 ₽,Двигатель,"дизель, 2.0 л"
Мощность,"136 л.с., налог"
Коробка передач,механика
Привод,задний
Тип кузова,седан
Цвет,серый
"Пробег, км",345 000
Руль,левый
Поколение,"4 поколение, рестайлинг"
"Продажа BMW 5-Series, 2001 год в Ноябрьске",370 000 ₽,Двигатель,"бензин, 2.5 л"
Мощность,"192 л.с., налог"
Коробка передач,АКПП
Привод,задний
Тип кузова,седан
Цвет,серебристый
"Пробег, км",369 000
Руль,левый
Поколение,"4 поколение, рестайлинг"
"Продажа BMW 3-Series, 2011 год в Иркутске",645 000 ₽,Двигатель,"бензин, 2.5 л"
Мощность,"218 л.с., налог"
Коробка передач,АКПП
Привод,задний
Тип кузова,седан
Цвет,черный
"Пробег, км",150 000
Руль,левый
Особые отметки,требуется ремонт или не на ходу
"Продажа BMW 2-Series, 2020 год в Москве",2 768 000 ₽,Двигатель,"бензин, 1.5 л"
Мощность,"140 л.с., налог"
Коробка передач,робот
Привод,передний
Тип кузова,седан
Цвет,белый
"Пробег, км",35 469
Руль,левый
Поколение,"1 поколение, рестайлинг"
"Продажа BMW 5-Series, 2009 год в Екатеринбурге",1 150 000 ₽,Двигатель,"бензин, 3.0 л"
Мощность,"218 л.с., налог"
Коробка передач,АКПП
Привод,4WD
Тип кузова,седан
Цвет,серый
"Пробег, км",279 000
Руль,левый
Поколение,"5 поколение, рестайлинг"
"Продажа BMW X5, 2020 год в Белово",9 050 000 ₽,Двигатель,"дизель, 3.0 л"
Мощность,"249 л.с., налог"
Коробка передач,АКПП
Привод,4WD
Цвет,синий
"Пробег, км",26 000
Руль,левый
Поколение,4 поколение
Комплектация,xDrive 30d AT M Sport Plus
"Продажа BMW X3, 2006 год в Москве",620 000 ₽,Двигатель,"бензин, 3.0 л"
Мощность,"231 л.с., налог"
Коробка передач,АКПП
Привод,4WD
Цвет,черный
"Пробег, км",213 995
Руль,левый
Поколение,1 поколение
"Продажа BMW X6, 2010 год в Тюмени",1 350 000 ₽,Двигатель,"бензин, 3.0 л"
Мощность,"306 л.с., налог"
Коробка передач,АКПП
Привод,4WD
Цвет,белый
"Пробег, км",83 000
Руль,левый
Поколение,1 поколение
Комплектация,xDrive 35i AT
"Продажа BMW X1, 2012 год в Москве",750 000 ₽,Двигатель,"бензин, 2.0 л"
Мощность,"150 л.с., налог"
Коробка передач,АКПП
Привод,задний
Цвет,синий
"Пробег, км",168 920
Руль,левый
Поколение,1 поколение
"Продажа BMW 5-Series, 2007 год в Тюмени",700 000 ₽,Двигатель,"бензин, 3.0 л"
Мощность,"272 л.с., налог"
Коробка передач,АКПП
Привод,4WD
Тип кузова,седан
Цвет,черный
"Пробег, км",260 000
Руль,левый
Поколение,"5 поколение, рестайлинг"
"Продажа BMW X5, 2008 год в Новосибирске",1 310 000 ₽,Двигатель,"бензин, 3.0 л"
Мощность,"272 л.с., налог"
Коробка передач,АКПП
Привод,4WD
Цвет,черный
"Пробег, км",268 000
Руль,левый
Поколение,2 поколение
Комплектация,xDrive 30i AT
"Продажа BMW 5-Series, 2019 год в Химках",3 094 300 ₽,Двигатель,"бензин, 3.0 л"
Мощность,"340 л.с., налог"
Коробка передач,АКПП
Привод,4WD
Тип кузова,седан
Цвет,черный
"Пробег, км",52 000
Руль,левый
Поколение,7 поколение
"Продажа BMW X5, 2007 год в Омске",960 000 ₽,Двигатель,"бензин, 4.8 л"
Мощность,"355 л.с., налог"
Коробка передач,АКПП
Привод,4WD
Цвет,черный
"Пробег, км",280 000
Руль,левый
Поколение,2 поколение
Комплектация,xDrive 48i AT Luxury
"Продажа BMW 1-Series, 2006 год в Махачкале",530 000 ₽,Двигатель,"бензин, 2.0 л"
Мощность,"129 л.с., налог"
Коробка передач,АКПП
Привод,задний
Тип кузова,хэтчбек 5 дв.
Руль,левый
Поколение,1 поколение
Комплектация,118i AT Base
"Продажа BMW X5, 2011 год в Екатеринбурге",1 850 000 ₽,Двигатель,"дизель, 3.0 л"
Мощность,"306 л.с., налог"
Коробка передач,АКПП
Привод,4WD
Цвет,черный
"Пробег, км",265 000
Руль,левый
Поколение,"2 поколение, рестайлинг"
"Продажа BMW X5, 2002 год в Санкт-Петербурге",670 000 ₽,Двигатель,"бензин, 3.0 л"
Мощность,"231 л.с., налог"
Коробка передач,АКПП
Привод,4WD
Цвет,черный
"Пробег, км",199 000
Руль,левый
Поколение,1 поколение
Комплектация,3.0i AT xDrive
"Продажа BMW 1-Series, 2012 год в Тюмени",1 057 000 ₽,Двигатель,"бензин, 1.6 л"
Мощность,"170 л.с., налог"
Коробка передач,АКПП
Привод,задний
Тип кузова,хэтчбек 5 дв.
Цвет,серый
"Пробег, км",150 400
Руль,левый
Поколение,2 поколение
"Продажа BMW X6, 2020 год в Химках",6 500 000 ₽,Двигатель,"дизель, 3.0 л"
Мощность,"249 л.с., налог"
Коробка передач,АКПП
Привод,4WD
Цвет,синий
"Пробег, км",32 000
Руль,левый
Поколение,3 поколение
"Продажа BMW 3-Series, 2008 год в Томске",1 130 000 ₽,Двигатель,"бензин, 2.5 л"
Мощность,"218 л.с., налог"
Коробка передач,АКПП
Привод,4WD
Тип кузова,универсал
Цвет,черный
"Пробег, км",139 000
Руль,левый
Поколение,"5 поколение, рестайлинг"
"Продажа BMW 7-Series, 2000 год в Омске",350 000 ₽,Двигатель,"бензин, 3.5 л"
Мощность,"238 л.с., налог"
Коробка передач,АКПП
Привод,задний
Цвет,черный
"Пробег, км",310 000
Руль,левый
Особые отметки,требуется ремонт или не на ходу
Поколение,"3 поколение, рестайлинг"
"Продажа BMW X5, 2019 год в Кемерово",6 300 000 ₽,Двигатель,"бензин, 3.0 л"
Мощность,"340 л.с., налог"
Коробка передач,АКПП
Привод,4WD
Цвет,серый
"Пробег, км",5 600
Руль,левый
Поколение,4 поколение
Комплектация,xDrive 40i AT Luxury
"Продажа BMW 5-Series, 1999 год в Иркутске",300 000 ₽,Двигатель,"бензин, 2.5 л"
Мощность,"170 л.с., налог"
Коробка передач,АКПП
Привод,задний
Тип кузова,седан
Цвет,черный
"Пробег, км",350 000
Руль,левый
Поколение,4 поколение
"Продажа BMW 3-Series, 2008 год в Симферополе",800 000 ₽,Двигатель,"бензин, 2.0 л"
Мощность,"156 л.с., налог"
Коробка передач,АКПП
Привод,задний
Тип кузова,седан
Цвет,серый
"Пробег, км",236 000
Руль,левый
Поколение,"5 поколение, рестайлинг"
"Продажа BMW X5, 2007 год в Темрюке",1 149 999 ₽,Двигатель,"бензин, 3.0 л"
Мощность,"264 л.с., налог"
Коробка передач,АКПП
Привод,4WD
Цвет,белый
"Пробег, км",320 000
Руль,левый
Поколение,2 поколение
Комплектация,xDrive 30i AT
"Продажа BMW X5, 2009 год в Новосибирске",1 491 000 ₽,Двигатель,"бензин, 3.0 л"
Мощность,"272 л.с., налог"
Коробка передач,АКПП
Привод,4WD
Цвет,белый
"Пробег, км",220 000
Руль,левый
Поколение,2 поколение
